{
  "input_nodes": 12,
  "hidden_nodes": 2,
  "output_nodes": 4,
  "weights_ih": {
    "rows": 2,
    "cols": 12,
    "data": [
      [
        -0.0020497023631725897,
        0.10445149500838909,
        -0.7317064561796534,
        -1.2134136719834867,
        -0.5892038181472448,
        -1.3538893916434804,
        -2.2682394153594445,
        2.2367084224449556,
        1.2363351851009214,
        -0.16971751974690608,
        1.1415892299437427,
        -1.3534028054134426
      ],
      [
        0.442362780272125,
        -0.2745647931582472,
        -0.4746451219632887,
        -0.7949777080266791,
        1.7079965860982476,
        0.47560211210852243,
        0.8020559297120116,
        1.7140516636347414,
        0.7936258494258324,
        -2.139404170158474,
        1.6289999863390874,
        -1.966010111272067
      ]
    ]
  },
  "weights_ho": {
    "rows": 4,
    "cols": 2,
    "data": [
      [
        -0.49643876936080833,
        0.17022141172865984
      ],
      [
        -2.3016599568765788,
        1.866841197493961
      ],
      [
        0.5999251067091185,
        0.3381404193393251
      ],
      [
        -0.5242393703497579,
        0.7987202280168502
      ]
    ]
  },
  "bias_h": {
    "rows": 2,
    "cols": 1,
    "data": [
      [
        0.34380479939911546
      ],
      [
        1.9606103204824608
      ]
    ]
  },
  "bias_o": {
    "rows": 4,
    "cols": 1,
    "data": [
      [
        0.8817283787346327
      ],
      [
        0.03408336633984751
      ],
      [
        0.22338980312985332
      ],
      [
        0.486478775808434
      ]
    ]
  },
  "learning_rate": 0.1,
  "activation_function": {}
}
